<application>
  <component name="AndroidLogcatFilterHistory">
    <option name="mostRecentlyUsed" value="package:com.mega.gallery -tag:VideoProgressRecordHelper -tag:Glide " />
    <option name="nonFavorites">
      <list>
        <option value="package:com.mega.gallery -tag:VideoProgressRecordHelper -tag:Glide " />
        <option value="package:com.mega.scenemanager -tag:System.err -tag:java-zrpc -tag:enginesdk" />
        <option value="package:com.mega.scenemanager -tag:System.err -tag:java-zrpc" />
        <option value="package:com.mega.scenemanager -tag:System.err " />
        <option value="package:com.mega.scenemanager " />
        <option value="package:com.mega.gallery -tag:VideoProgressRecordHelper -tag:Glide tag:MediaListAdapter" />
        <option value="package:com.mega.gallery -tag:VideoProgressRecordHelper -tag:Glide message:scale" />
        <option value="package:com.mega.gallery -tag:VideoProgressRecordHelper -tag:Glide tag:NestedRecyclerView tag:NestedScrollableHost " />
        <option value="package:com.mega.gallery -tag:VideoProgressRecordHelper -tag:Glide tag:NestedRecyclerView" />
        <option value="package:com.mega.gallery -tag:VideoProgressRecordHelper -tag:Glide tag:NestedScrollableHost tag:NestedRecyclerView" />
        <option value="package:com.mega.gallery -tag:VideoProgressRecordHelper -tag:Glide tag:NestedScrollableHost tag:" />
        <option value="package:com.mega.gallery -tag:VideoProgressRecordHelper -tag:Glide tag:NestedScrollableHost" />
        <option value="package:com.mega.gallery -tag:VideoProgressRecordHelper -tag:Glide tag:NestedRecyclerViewHost" />
        <option value="package:com.mega.gallery -tag:VideoProgressRecordHelper -tag:Glide" />
        <option value="package:com.mega.radio  -tag:Adreno-GSL_RPC -tag:PlaybackManager -tag:drawScaleValue -tag:NewRadioRulerView" />
        <option value="package:com.mega.radio  -tag:Adreno-GSL_RPC -tag:PlaybackManager -tag:drawScaleValue " />
        <option value="process:android.hardware.broadcastradio@2.0-service-mega " />
        <option value="process:android.hardware.broadcastradio@2.0-service-mega  " />
        <option value="package:com.mega.radio  -tag:Adreno-GSL_RPC -tag:PlaybackManager -tag:drawScaleValue -tag:NewRadioRulerView tag:RadioProgramManager" />
        <option value="package:com.mega.radio  -tag:Adreno-GSL_RPC -tag:PlaybackManager -tag:drawScaleValue tag:NewRadioRulerView" />
      </list>
    </option>
  </component>
</application>