<application>
  <component name="AndroidLogcatFilterHistory">
    <option name="mostRecentlyUsed" value="package:com.mega.gallery -tag:VideoProgressRecordHelper -tag:Glide -tag:VideoPlayerControlView tag:SettingsActivity tag:IUsbStateManager tag:SettingsViewModel" />
    <option name="nonFavorites">
      <list>
        <option value="package:com.mega.gallery -tag:VideoProgressRecordHelper -tag:Glide -tag:VideoPlayerControlView tag:SettingsActivity tag:IUsbStateManager tag:SettingsViewModel" />
        <option value="package:com.mega.gallery -tag:VideoProgressRecordHelper -tag:Glide -tag:VideoPlayerControlView tag:SettingsActivity tag:IUsbStateManager" />
        <option value="package:com.mega.gallery -tag:VideoProgressRecordHelper -tag:Glide -tag:VideoPlayerControlView tag:SettingsActivity" />
        <option value="package:com.mega.gallery -tag:VideoProgressRecordHelper -tag:Glide -tag:VideoPlayerControlView " />
        <option value="package:com.mega.gallery -tag:VideoProgressRecordHelper -tag:Glide -tag:VideoPlayerControlView tag:SettingsActivity message:usbInfo:" />
        <option value="package:com.mega.gallery -tag:VideoProgressRecordHelper -tag:Glide -tag:VideoPlayerControlView -message:ContentObserverManager" />
        <option value="package:com.mega.gallery -tag:VideoProgressRecordHelper -tag:Glide -tag:VideoPlayerControlView" />
        <option value="package:com.mega.gallery -tag:VideoProgressRecordHelper -tag:Glide " />
        <option value="package:com.mega.scenemanager -tag:System.err -tag:java-zrpc -tag:enginesdk" />
        <option value="package:com.mega.scenemanager -tag:System.err -tag:java-zrpc" />
        <option value="package:com.mega.scenemanager -tag:System.err " />
        <option value="package:com.mega.scenemanager " />
        <option value="package:com.mega.gallery -tag:VideoProgressRecordHelper -tag:Glide tag:MediaListAdapter" />
        <option value="package:com.mega.gallery -tag:VideoProgressRecordHelper -tag:Glide message:scale" />
        <option value="package:com.mega.gallery -tag:VideoProgressRecordHelper -tag:Glide tag:NestedRecyclerView tag:NestedScrollableHost " />
        <option value="package:com.mega.gallery -tag:VideoProgressRecordHelper -tag:Glide tag:NestedRecyclerView" />
        <option value="package:com.mega.gallery -tag:VideoProgressRecordHelper -tag:Glide tag:NestedScrollableHost tag:NestedRecyclerView" />
        <option value="package:com.mega.gallery -tag:VideoProgressRecordHelper -tag:Glide tag:NestedScrollableHost tag:" />
        <option value="package:com.mega.gallery -tag:VideoProgressRecordHelper -tag:Glide tag:NestedScrollableHost" />
        <option value="package:com.mega.gallery -tag:VideoProgressRecordHelper -tag:Glide tag:NestedRecyclerViewHost" />
      </list>
    </option>
  </component>
</application>