<application>
  <component name="com.intellij.ide.ui.customization.CustomActionsSchema">
    <group value="Git.Reset" is_action="true" action_type="-1" position="16">
      <path value="root" />
      <path value="Main Menu" />
      <path value="Git" />
      <path value="Git.MainMenu" />
      <option name="myInitialPosition" value="-1" />
    </group>
    <group value="Vcs.ShowTabbedFileHistory" is_action="true" action_type="-1" position="8">
      <path value="root" />
      <path value="Main Menu" />
      <path value="Git" />
      <path value="Git.MainMenu" />
      <path value="Git.MainMenu.FileActions" />
      <path value="Git.FileActions" />
      <option name="myInitialPosition" value="-1" />
    </group>
    <group value="Compare.SameVersion" is_action="true" action_type="-1" position="5">
      <path value="root" />
      <path value="Main Menu" />
      <path value="Git" />
      <path value="Git.MainMenu" />
      <path value="Git.MainMenu.FileActions" />
      <path value="Git.FileActions" />
      <option name="myInitialPosition" value="-1" />
    </group>
    <group value="ChangesView.Revert" is_action="true" action_type="-1" position="4">
      <path value="root" />
      <path value="Main Menu" />
      <path value="Git" />
      <path value="Git.MainMenu" />
      <path value="Uncommitted Changes" />
      <option name="myInitialPosition" value="-1" />
    </group>
    <group value="Vcs.ShowTabbedFileHistory" is_action="true" action_type="1" position="1">
      <path value="root" />
      <path value="Main Toolbar" />
      <path value="Center" />
      <option name="myInitialPosition" value="-1" />
    </group>
    <group value="Compare.SameVersion" is_action="true" action_type="1" position="2">
      <path value="root" />
      <path value="Main Toolbar" />
      <path value="Center" />
      <option name="myInitialPosition" value="-1" />
    </group>
    <group value="ChangesView.Revert" is_action="true" action_type="1" position="3">
      <path value="root" />
      <path value="Main Toolbar" />
      <path value="Center" />
      <option name="myInitialPosition" value="-1" />
    </group>
    <group value="Git.Reset" is_action="true" action_type="1" position="28">
      <path value="root" />
      <path value="Main Menu" />
      <path value="Git" />
      <path value="Git.MainMenu" />
      <option name="myInitialPosition" value="-1" />
    </group>
  </component>
</application>