<application>
  <component name="GoogleLoginApplicationSettings">
    <option name="activeUser" value="xianbing.mei@megatronix.co" />
    <option name="userEmail2FeaturesStore">
      <map>
        <entry key="wsdb.mei@gmail.com">
          <value>
            <set>
              <option value="User Info" />
              <option value="Gemini" />
            </set>
          </value>
        </entry>
        <entry key="xianbing.mei@megatronix.co">
          <value>
            <set>
              <option value="User Info" />
              <option value="Gemini" />
            </set>
          </value>
        </entry>
      </map>
    </option>
  </component>
</application>