<application>
  <component name="Translation.Cache">
    <option name="lastTrimTime" value="1721724859074" />
  </component>
  <component name="Translation.Settings">
    <option name="translator" value="GOOGLE" />
  </component>
  <component name="Translation.States">
    <histories>
      <item value="No locks are used to synchronize an access to the Lazy instance value; if the instance is accessed from multiple threads, its behavior is undefined. This mode should not be used unless the Lazy instance is guaranteed never to be initialized from more than one thread." />
      <item value="nitializer function can be called several times on concurrent access to uninitialized Lazy instance value, but only the first returned value will be used as the value of Lazy instance." />
      <item value="incrementing generation means any currently-running diffs are discarded when they finis" />
      <item value="Extra spacing between lines of text. The value will not be applied for the last line of text" />
      <item value="bulb" />
      <item value="Indicates whether each item in the data set can be represented with a unique identifier of type {@link java.lang.Long}." />
      <item value="relative overlap" />
      <item value="minus" />
      <item value="reduce" />
      <item value="shrink" />
      <item value="Divider" />
      <item value="Managed" />
      <item value="Wallpaper" />
      <item value="Tertiary" />
      <item value="Primary" />
      <item value="config" />
      <item value="unbounded" />
      <item value="suspend" />
      <item value="vendor" />
      <item value="vehicle" />
      <item value="True if the child does not want the parent to intercept touch events." />
      <item value="Gesture is parallel, query child if movement in that direction is possible" />
      <item value="assuming ViewPager2 touch-slop is 2x touch-slop of child" />
      <item value="Gesture is perpendicular, allow all parents to intercept" />
      <item value="Identifier" />
      <item value="Selector" />
      <item value="switch band" />
      <item value="Retrieves" />
      <item value="volume" />
      <item value="减少" />
      <item value="Volume" />
      <item value="notify playback state locked" />
      <item value="Session" />
      <item value="Antenna" />
      <item value="tuner" />
      <item value="hardware" />
      <item value="Indicates the activation state of this view. Returns: true if the view is activated, false otherwise" />
      <item value="Swaps the current adapter with the provided one. It is similar to setAdapter(RecyclerView.Adapter) but assumes existing adapter and the new adapter uses the same RecyclerView.ViewHolder and does not clear the RecycledViewPool. Note that it still calls onAdapterChanged callbacks." />
      <item value="If this Fragment is a child of another Fragment, the FragmentManager returned here will be the parent's getChildFragmentManager()." />
      <item value="Return the FragmentManager for interacting with fragments associated with this fragment's activity. Note that this will be available slightly before getActivity(), during the time from when the fragment is placed in a FragmentTransaction until it is committed and attached to its activity." />
      <item value="The fragment provided must currently be added to the FragmentManager to be set as a primary navigation fragment, or previously added as part of this transaction." />
      <item value="The primary navigation fragment's child FragmentManager will be called first to process delegated navigation actions such as FragmentManager.popBackStack() if no ID or transaction name is provided to pop to. Navigation operations outside of the fragment system may choose to delegate those actions to the primary navigation fragment as returned by FragmentManager.getPrimaryNavigationFragment()." />
      <item value="Set a currently active fragment in this FragmentManager as the primary navigation fragment." />
      <item value="DELAYED" />
      <item value="OPERATION TUNE" />
      <item value="Metadata" />
      <item value="Interpolator" />
      <item value="Sets up this AnimatorSet to play each of the supplied animations when the previous animation ends." />
      <item value="倍数" />
      <item value="mainland" />
    </histories>
    <option name="languageScores">
      <map>
        <entry key="CATALAN" value="1" />
        <entry key="CHINESE" value="621" />
        <entry key="DANISH" value="2" />
        <entry key="ENGLISH" value="622" />
        <entry key="FILIPINO" value="1" />
        <entry key="GREEK" value="1" />
        <entry key="HINDI" value="2" />
        <entry key="INDONESIAN" value="1" />
        <entry key="JAPANESE" value="1" />
        <entry key="LATIN" value="1" />
        <entry key="POLISH" value="1" />
        <entry key="ROMANIAN" value="1" />
        <entry key="UZBEK" value="2" />
      </map>
    </option>
  </component>
</application>